[
    {
        "name": "FCO",
        "path": "/1",
        "nbrOfChildren": 0,
        "base": "null"
    },
    {
        "name": "Subject_attr_Primary",
        "path": "/Bf",
        "nbrOfChildren": 0,
        "base": "Attr_base"
    },
    {
        "name": "Student_study_Relation",
        "path": "/H",
        "nbrOfChildren": 0,
        "base": "FCO"
    },
    {
        "name": "Student_attr_Primary",
        "path": "/R",
        "nbrOfChildren": 0,
        "base": "Attr_base"
    },
    {
        "name": "Subject_attr",
        "path": "/V",
        "nbrOfChildren": 0,
        "base": "Attr_base"
    },
    {
        "name": "Language",
        "path": "/j",
        "nbrOfChildren": 8,
        "base": "FCO"
    },
    {
        "name": "Relationship",
        "path": "/j/4",
        "nbrOfChildren": 0,
        "base": "FCO"
    },
    {
        "name": "Folder",
        "path": "/j/B",
        "nbrOfChildren": 0,
        "base": "FCO"
    },
    {
        "name": "Subject",
        "path": "/j/L",
        "nbrOfChildren": 2,
        "base": "Entity"
    },
    {
        "name": "Student",
        "path": "/j/b",
        "nbrOfChildren": 4,
        "base": "Entity"
    },
    {
        "name": "ER",
        "path": "/j/g",
        "nbrOfChildren": 0,
        "base": "FCO"
    },
    {
        "name": "Entity",
        "path": "/j/m",
        "nbrOfChildren": 0,
        "base": "FCO"
    },
    {
        "name": "Studies",
        "path": "/j/z",
        "nbrOfChildren": 0,
        "base": "Relationship"
    },
    {
        "name": "RelationshipPointer",
        "path": "/k",
        "nbrOfChildren": 0,
        "base": "FCO"
    },
    {
        "name": "Student_attr",
        "path": "/t",
        "nbrOfChildren": 0,
        "base": "Attr_base"
    },
    {
        "name": "Attr_base",
        "path": "/y",
        "nbrOfChildren": 0,
        "base": "FCO"
    }
]