{
    "name": "My new obj",
    "isMeta": "",
    "metaType": "",
    "children": {
        "1": {
            "name": "FCO",
            "isMeta": "true",
            "metaType": "FCO",
            "children": {}
        },
        "6": {
            "name": "Student",
            "isMeta": "false",
            "metaType": "Student",
            "children": {
                "X": {
                    "name": "Student_attr",
                    "isMeta": "false",
                    "metaType": "Student_attr",
                    "children": {}
                },
                "D": {
                    "name": "Student_attr",
                    "isMeta": "false",
                    "metaType": "Student_attr",
                    "children": {}
                },
                "w": {
                    "name": "Student_attr",
                    "isMeta": "false",
                    "metaType": "Student_attr",
                    "children": {}
                },
                "W": {
                    "name": "Student_attr",
                    "isMeta": "false",
                    "metaType": "Student_attr",
                    "children": {}
                },
                "pY": {
                    "name": "ID",
                    "isMeta": "false",
                    "metaType": "Student_attr_Primary",
                    "children": {}
                },
                "yR": {
                    "name": "Name",
                    "isMeta": "false",
                    "metaType": "Student_attr",
                    "children": {}
                },
                "Ls": {
                    "name": "Phone",
                    "isMeta": "false",
                    "metaType": "Student_attr",
                    "children": {}
                },
                "Ce": {
                    "name": "BloodGroup",
                    "isMeta": "false",
                    "metaType": "Student_attr",
                    "children": {}
                }
            }
        },
        "P": {
            "name": "Phone",
            "isMeta": "false",
            "metaType": "FCO",
            "children": {}
        },
        "K": {
            "name": "Title",
            "isMeta": "false",
            "metaType": "FCO",
            "children": {}
        },
        "y": {
            "name": "Attr_base",
            "isMeta": "true",
            "metaType": "Attr_base",
            "children": {}
        },
        "t": {
            "name": "Student_attr",
            "isMeta": "true",
            "metaType": "Student_attr",
            "children": {}
        },
        "V": {
            "name": "Subject_attr",
            "isMeta": "true",
            "metaType": "Subject_attr",
            "children": {}
        },
        "R": {
            "name": "Student_attr_Primary",
            "isMeta": "true",
            "metaType": "Student_attr_Primary",
            "children": {}
        },
        "Bf": {
            "name": "Subject_attr_Primary",
            "isMeta": "true",
            "metaType": "Subject_attr_Primary",
            "children": {}
        },
        "j": {
            "name": "Language",
            "isMeta": "true",
            "metaType": "Language",
            "children": {
                "4": {
                    "name": "Relationship",
                    "isMeta": "true",
                    "metaType": "Relationship",
                    "children": {}
                },
                "b": {
                    "name": "Student",
                    "isMeta": "true",
                    "metaType": "Student",
                    "children": {
                        "pY": {
                            "name": "ID",
                            "isMeta": "false",
                            "metaType": "Student_attr_Primary",
                            "children": {}
                        },
                        "yR": {
                            "name": "Name",
                            "isMeta": "false",
                            "metaType": "Student_attr",
                            "children": {}
                        },
                        "Ls": {
                            "name": "Phone",
                            "isMeta": "false",
                            "metaType": "Student_attr",
                            "children": {}
                        },
                        "Ce": {
                            "name": "BloodGroup",
                            "isMeta": "false",
                            "metaType": "Student_attr",
                            "children": {}
                        }
                    }
                },
                "z": {
                    "name": "Studies",
                    "isMeta": "true",
                    "metaType": "Studies",
                    "children": {}
                },
                "L": {
                    "name": "Subject",
                    "isMeta": "true",
                    "metaType": "Subject",
                    "children": {
                        "gP": {
                            "name": "ID",
                            "isMeta": "false",
                            "metaType": "Subject_attr_Primary",
                            "children": {}
                        },
                        "xM": {
                            "name": "Title",
                            "isMeta": "false",
                            "metaType": "Subject_attr",
                            "children": {}
                        }
                    }
                },
                "m": {
                    "name": "Entity",
                    "isMeta": "true",
                    "metaType": "Entity",
                    "children": {}
                },
                "g": {
                    "name": "ER",
                    "isMeta": "true",
                    "metaType": "ER",
                    "children": {}
                },
                "B": {
                    "name": "Folder",
                    "isMeta": "true",
                    "metaType": "Folder",
                    "children": {}
                },
                "w": {
                    "name": "Name",
                    "isMeta": "false",
                    "metaType": "FCO",
                    "children": {}
                }
            }
        },
        "Y": {
            "name": "Example",
            "isMeta": "false",
            "metaType": "Folder",
            "children": {
                "N": {
                    "name": "TitleTOTitle",
                    "isMeta": "false",
                    "metaType": "ER",
                    "children": {
                        "1": {
                            "name": "IdToId",
                            "isMeta": "false",
                            "metaType": "Subject_attr_Primary",
                            "children": {},
                            "src": "ID",
                            "dst": "ID"
                        },
                        "2": {
                            "name": "ID",
                            "isMeta": "false",
                            "metaType": "Subject_attr_Primary",
                            "children": {}
                        },
                        "4": {
                            "name": "Phone",
                            "isMeta": "false",
                            "metaType": "Student_attr",
                            "children": {}
                        },
                        "5": {
                            "name": "RelationshipPointer",
                            "isMeta": "false",
                            "metaType": "RelationshipPointer",
                            "children": {},
                            "src": "Student",
                            "dst": "Teaches"
                        },
                        "6": {
                            "name": "Teaches",
                            "isMeta": "false",
                            "metaType": "Studies",
                            "children": {}
                        },
                        "D": {
                            "name": "IdToId",
                            "isMeta": "false",
                            "metaType": "Student_attr_Primary",
                            "children": {},
                            "src": "ID",
                            "dst": "ID"
                        },
                        "H": {
                            "name": "",
                            "isMeta": "false",
                            "metaType": "Subject_attr",
                            "children": {},
                            "src": "Title",
                            "dst": "Title"
                        },
                        "k": {
                            "name": "Teach_Subject_Relation",
                            "isMeta": "false",
                            "metaType": "Student_study_Relation",
                            "children": {},
                            "src": "Teaches",
                            "dst": "Subject"
                        },
                        "m": {
                            "name": "Studies",
                            "isMeta": "false",
                            "metaType": "Studies",
                            "children": {}
                        },
                        "w": {
                            "name": "Subject",
                            "isMeta": "false",
                            "metaType": "Subject",
                            "children": {
                                "gP": {
                                    "name": "ID",
                                    "isMeta": "false",
                                    "metaType": "Subject_attr_Primary",
                                    "children": {}
                                },
                                "xM": {
                                    "name": "Title",
                                    "isMeta": "false",
                                    "metaType": "Subject_attr",
                                    "children": {}
                                }
                            }
                        },
                        "J": {
                            "name": "Student_study_Subject",
                            "isMeta": "false",
                            "metaType": "Student_study_Relation",
                            "children": {},
                            "src": "Studies",
                            "dst": "Subject"
                        },
                        "G": {
                            "name": "Student",
                            "isMeta": "false",
                            "metaType": "Student",
                            "children": {
                                "Ls": {
                                    "name": "Phone",
                                    "isMeta": "false",
                                    "metaType": "Student_attr",
                                    "children": {}
                                },
                                "Ce": {
                                    "name": "BloodGroup",
                                    "isMeta": "false",
                                    "metaType": "Student_attr",
                                    "children": {}
                                },
                                "pY": {
                                    "name": "ID",
                                    "isMeta": "false",
                                    "metaType": "Student_attr_Primary",
                                    "children": {}
                                },
                                "yR": {
                                    "name": "Name",
                                    "isMeta": "false",
                                    "metaType": "Student_attr",
                                    "children": {}
                                }
                            }
                        },
                        "i": {
                            "name": "RelationshipPointer",
                            "isMeta": "false",
                            "metaType": "RelationshipPointer",
                            "children": {},
                            "src": "Student",
                            "dst": "Studies"
                        },
                        "Y": {
                            "name": "StudentStudyRelation",
                            "isMeta": "false",
                            "metaType": "Student_study_Relation",
                            "children": {},
                            "src": "Studies",
                            "dst": "Subject"
                        },
                        "x": {
                            "name": "Name",
                            "isMeta": "false",
                            "metaType": "Student_attr",
                            "children": {}
                        },
                        "S": {
                            "name": "Title",
                            "isMeta": "false",
                            "metaType": "Subject_attr",
                            "children": {}
                        },
                        "W": {
                            "name": "BloodGroup",
                            "isMeta": "false",
                            "metaType": "Student_attr",
                            "children": {}
                        },
                        "c": {
                            "name": "Student_study_Subject",
                            "isMeta": "false",
                            "metaType": "Student_study_Relation",
                            "children": {},
                            "src": "Teaches",
                            "dst": "Subject"
                        },
                        "N": {
                            "name": "ID",
                            "isMeta": "false",
                            "metaType": "Student_attr_Primary",
                            "children": {}
                        },
                        "u": {
                            "name": "NameToName",
                            "isMeta": "false",
                            "metaType": "Student_attr",
                            "children": {},
                            "src": "Name",
                            "dst": "Name"
                        },
                        "E": {
                            "name": "PhoneToPhone",
                            "isMeta": "false",
                            "metaType": "Student_attr",
                            "children": {},
                            "src": "Phone",
                            "dst": "Phone"
                        },
                        "b": {
                            "name": "BloodgroupToBloodgroup",
                            "isMeta": "false",
                            "metaType": "Student_attr",
                            "children": {},
                            "src": "BloodGroup",
                            "dst": "BloodGroup"
                        }
                    }
                }
            }
        },
        "k": {
            "name": "RelationshipPointer",
            "isMeta": "true",
            "metaType": "RelationshipPointer",
            "children": {}
        },
        "H": {
            "name": "Student_study_Relation",
            "isMeta": "true",
            "metaType": "Student_study_Relation",
            "children": {}
        },
        "w": {
            "name": "",
            "isMeta": "false",
            "metaType": "RelationshipPointer",
            "children": {}
        },
        "L": {
            "name": "ID",
            "isMeta": "false",
            "metaType": "FCO",
            "children": {}
        }
    }
}